symbol,cik,satir_n,shares_dei_n,shares_anlik_n,shares_wavg_n,shares_dei_end_min,shares_dei_end_max,filed_min,filed_max
AA,1675149,337,34,85,252,2016-11-25,2026-07-27,2016-12-01,2026-07-30
AAL,6201,796,66,268,528,2010-07-14,2027-07-17,2010-07-21,2026-07-23
AAON,824142,719,61,307,412,2011-07-27,2026-08-06,2011-08-04,2026-08-10
ACHC,1520697,720,59,332,388,2011-11-11,2026-02-25,2011-11-14,2026-04-30
ACI,1646972,255,35,83,172,2018-05-11,2026-07-24,2018-05-11,2026-07-28
ACIW,935036,729,65,305,424,2010-07-29,2026-08-03,2010-07-30,2026-08-06
ACM,868857,967,65,329,638,2010-08-02,2026-08-07,2010-08-06,2026-08-11
ADC,917251,701,61,309,392,2011-08-05,2026-07-29,2011-08-05,2026-07-30
ADNT,1670541,389,41,135,254,2017-01-31,2026-06-30,2017-02-08,2026-08-05
AEIS,927003,706,61,308,398,2011-07-29,2026-07-29,2011-08-11,2026-08-03
AEO,919012,893,65,469,424,2010-08-20,2026-09-10,2010-08-25,2026-09-10
AFG,1042046,806,65,200,606,2010-08-01,2026-08-01,2010-08-09,2026-08-06
AGCO,880266,762,66,330,432,2010-07-31,2026-07-27,2010-08-06,2026-07-30
AHR,1632970,254,14,30,224,2016-03-01,2026-08-03,2016-03-07,2026-08-07
AIT,109563,644,65,222,422,2010-10-31,2026-07-31,2010-11-05,2026-08-13
ALGM,866291,270,25,117,153,2020-11-16,2026-07-27,2020-11-20,2026-07-31
ALK,766421,726,66,302,424,2010-07-31,2026-07-31,2010-08-05,2026-08-04
ALLY,40729,889,70,473,416,2011-08-09,2026-07-21,2011-08-09,2026-07-23
ALSN,1411207,427,51,55,372,2012-04-16,2026-07-22,2012-04-26,2026-08-05
ALV,1034670,595,65,171,424,2010-07-19,2026-07-10,2010-07-23,2026-07-17
AM,1623925,375,38,158,217,2017-05-31,2026-07-24,2017-06-02,2026-07-29
AMCX,1514991,398,0,0,398,,,2011-09-02,2026-07-30
AMG,1004434,601,65,177,424,2010-08-03,2026-08-05,2010-08-09,2026-08-07
AMH,1562401,289,0,0,289,,,2013-09-19,2026-07-31
AMKR,1047127,736,64,320,416,2010-07-30,2026-04-21,2010-08-05,2026-04-28
AN,350698,765,65,341,424,2010-07-19,2026-07-29,2010-08-09,2026-07-31
ANF,1018840,533,67,101,432,2010-09-03,2026-08-28,2010-09-08,2026-09-04
APG,1796209,257,27,87,170,2020-05-29,2026-07-23,2020-06-02,2026-07-30
APPF,1433195,270,0,0,270,,,2015-08-06,2026-07-23
APPS,317788,714,66,330,384,2011-08-19,2026-07-31,2011-08-29,2026-08-05
AR,1433270,583,52,267,316,2013-11-06,2026-07-24,2013-11-06,2026-07-29
ARMK,1584509,581,51,255,326,2014-01-24,2026-07-31,2014-02-05,2026-08-11
ARW,7536,623,65,199,424,2010-07-23,2026-07-30,2010-07-28,2026-08-06
ARWR,879407,620,62,311,309,2011-08-01,2026-07-30,2011-08-08,2026-08-04
ASB,7789,675,65,251,424,2010-07-31,2026-07-31,2010-08-06,2026-08-04
ASH,1674862,320,40,60,260,2016-09-30,2026-06-30,2016-11-21,2026-07-29
ATI,1018963,874,69,349,525,2009-07-29,2026-08-03,2009-08-27,2026-08-06
ATR,896622,773,65,195,578,2010-07-27,2026-07-27,2010-08-04,2026-07-31
AVAV,1368622,712,63,310,402,2011-08-26,2026-09-03,2011-09-08,2026-09-10
AVNT,1122976,511,63,97,414,2011-04-29,2026-06-30,2011-05-04,2026-08-06
AVT,8858,646,68,204,442,2009-10-23,2026-08-07,2009-11-24,2026-08-14
AVTR,1722482,279,28,104,175,2019-07-31,2026-04-24,2019-08-06,2026-04-29
AXON,1069183,714,62,310,404,2011-08-04,2026-07-31,2011-08-08,2026-08-06
AXTA,1616862,451,47,167,284,2014-10-31,2026-04-23,2014-11-14,2026-04-30
AYI,1144215,656,64,242,414,2011-01-06,2026-06-23,2011-01-10,2026-06-25
AZTA,933974,729,63,307,422,2011-03-31,2026-08-03,2011-08-04,2026-08-06
BAH,1443646,408,28,164,244,2019-10-29,2026-07-20,2012-08-30,2026-07-24
BBWI,701985,879,69,455,424,2009-08-28,2026-08-21,2009-09-04,2026-08-26
BC,14930,775,64,373,402,2011-05-02,2026-07-30,2011-05-06,2026-08-05
BCO,78890,668,66,238,430,2010-07-27,2026-07-31,2010-08-03,2026-08-05
BDC,913142,573,65,137,436,2010-08-09,2026-07-23,2010-08-11,2026-07-30
BFH,1101215,637,65,203,434,2010-08-04,2026-07-22,2010-08-09,2026-07-28
BHF,1685040,409,37,201,208,2017-08-14,2026-07-31,2017-08-15,2026-08-06
BILL,1786352,213,31,63,150,2020-01-31,2026-08-13,2020-02-11,2026-08-20
BIO,12208,425,1,1,424,2010-06-30,2010-06-30,2010-08-06,2026-08-04
BJ,1531152,432,34,216,216,2018-08-04,2026-08-20,2018-09-07,2026-08-25
BKH,1130464,715,67,280,435,2010-07-30,2026-08-04,2010-08-06,2026-08-06
BLDR,1316835,681,62,318,363,2011-07-27,2026-07-23,2011-07-29,2026-07-30
BLKB,1280058,655,67,221,434,2010-07-28,2026-07-27,2010-08-06,2026-07-29
BMRN,1048477,716,66,331,385,2010-07-23,2026-07-28,2010-08-04,2026-08-06
BOH,46195,754,66,330,424,2010-07-20,2026-07-21,2010-07-26,2026-07-28
BRBR,1772016,200,19,26,174,2020-02-03,2026-07-28,2020-02-07,2026-08-04
BRKR,1109354,700,58,298,402,2011-05-02,2025-07-29,2011-05-09,2026-08-05
BRO,79282,823,71,355,468,2010-07-27,2026-07-24,2010-08-04,2026-07-27
BROS,1866581,115,0,1,114,,,2021-11-12,2026-08-06
BRX,1581068,563,53,231,332,2013-12-02,2026-07-01,2013-12-03,2026-07-27
BSY,1031308,156,0,0,156,,,2020-11-10,2026-08-06
BTSG,1865782,124,10,54,70,2024-05-01,2026-07-28,2024-05-02,2026-07-31
BURL,1579298,672,52,342,330,2013-11-30,2026-08-01,2013-12-12,2026-08-27
BWA,908255,596,70,140,456,2009-06-30,2026-07-31,2009-07-29,2026-08-05
BWXT,1486957,591,63,187,404,2011-07-29,2026-07-31,2011-08-08,2026-08-05
BYD,906553,684,61,259,425,2011-07-29,2026-07-27,2011-08-05,2026-07-30
CABO,1632127,637,48,239,398,2015-08-05,2026-07-31,2015-08-07,2026-08-06
CACI,16058,882,64,290,592,2010-11-01,2026-07-27,2010-11-04,2026-08-06
CALX,1406666,605,61,305,300,2011-07-15,2026-07-13,2011-07-22,2026-07-21
CAR,723612,765,66,197,568,2010-06-30,2026-04-22,2010-08-06,2026-04-29
CART,1579091,138,12,60,78,2023-10-31,2026-07-31,2023-11-13,2026-08-07
CASY,726958,558,67,134,424,2010-09-07,2026-09-02,2010-09-09,2026-09-08
CATY,861842,713,63,311,402,2011-04-29,2026-07-31,2011-05-10,2026-08-07
CAVA,1639438,151,13,65,86,2023-08-11,2026-08-04,2023-08-16,2026-08-12
CBRL,1067294,725,63,315,410,2010-11-26,2026-06-01,2010-12-06,2026-06-09
CBSH,22356,195,65,195,0,2010-07-30,2026-08-03,2010-08-06,2026-08-05
CBT,16040,749,65,325,424,2010-07-30,2026-07-31,2010-08-09,2026-08-04
CC,1627223,489,45,203,286,2015-08-03,2026-07-30,2015-08-06,2026-08-05
CCK,1219601,670,68,166,504,2010-07-30,2026-07-28,2010-08-06,2026-07-30
CDE,215466,718,67,268,450,2010-08-06,2026-08-03,2010-08-09,2026-08-05
CDP,860546,890,66,492,398,2010-07-20,2026-07-20,2010-07-30,2026-08-03
CELH,1341766,462,42,210,252,2016-11-09,2026-07-31,2016-11-10,2026-08-06
CFR,39263,602,65,204,398,2010-07-21,2026-07-30,2010-07-28,2026-07-30
CG,1527166,653,63,281,372,2012-05-21,2026-08-04,2012-05-22,2026-08-10
CGNX,851205,685,65,261,424,2010-07-04,2026-08-02,2010-08-02,2026-08-06
CHDN,20212,580,62,172,408,2011-07-20,2026-07-22,2011-07-27,2026-07-29
CHE,19584,620,66,196,424,2010-06-30,2026-06-30,2010-07-30,2026-07-31
CHH,1046311,681,68,344,337,2010-06-30,2026-07-29,2010-08-09,2026-08-05
CHRD,1486159,733,61,297,436,2011-08-08,2026-08-03,2011-08-10,2026-08-06
CHWY,1766502,180,0,12,168,,,2019-07-19,2026-09-09
CIEN,936395,749,65,325,424,2010-09-03,2026-08-28,2010-09-08,2026-09-03
CLF,764065,797,68,351,446,2009-07-27,2026-07-23,2009-07-30,2026-07-23
CLH,822818,736,64,320,416,2010-08-04,2026-05-01,2010-08-09,2026-05-06
CMC,22444,712,64,306,406,2011-01-03,2026-06-25,2011-01-07,2026-06-29
CMP,1227654,865,68,205,660,2010-10-25,2026-08-03,2010-10-27,2026-08-06
CNH,1567094,486,26,151,335,2013-12-31,2026-06-30,2014-05-15,2026-08-03
CNK,1385280,629,47,235,394,2011-04-30,2022-10-28,2011-05-05,2026-05-01
CNM,1856525,137,0,0,137,,,2021-09-14,2026-09-09
CNO,1224608,782,66,338,444,2010-07-27,2026-07-30,2010-08-06,2026-08-06
CNX,1070412,742,70,234,508,2009-03-31,2026-07-15,2009-04-27,2026-07-30
CNXC,1803599,259,22,117,142,2021-03-31,2026-06-30,2021-04-09,2026-07-02
COHR,820318,595,65,199,396,2010-11-01,2026-08-10,2010-11-08,2026-08-14
COKE,317540,181,6,19,162,2014-02-28,2016-03-04,2014-03-14,2020-02-25
COLB,887343,704,63,294,410,2011-04-30,2026-07-31,2011-05-06,2026-08-04
COLM,1050797,744,61,346,398,2011-07-22,2026-07-24,2011-08-05,2026-08-06
COR,1140859,816,70,354,462,2009-07-31,2026-07-31,2009-08-06,2026-08-05
COTY,1024305,517,41,179,338,2016-11-04,2026-08-12,2013-11-08,2026-08-20
CPRI,1530721,765,55,283,482,2012-03-31,2026-07-31,2012-06-12,2026-08-05
CPT,906345,676,66,251,425,2010-07-26,2026-07-24,2010-07-30,2026-07-31
CR,1944013,150,14,64,86,2023-04-30,2026-07-29,2023-05-10,2026-07-31
CRBG,1889539,173,17,77,96,2022-11-08,2026-07-31,2022-11-09,2026-08-05
CRI,1060822,816,66,412,404,2010-07-30,2026-07-24,2010-08-02,2026-07-31
CRL,1100682,725,66,325,400,2010-07-15,2026-07-25,2010-08-03,2026-08-05
CRNC,1768267,319,27,127,192,2020-02-07,2026-07-31,2020-02-13,2026-08-06
CROX,1334036,539,62,310,229,2011-07-29,2026-07-23,2011-08-03,2026-07-30
CRS,17843,944,64,352,592,2010-10-26,2026-08-07,2010-11-05,2026-08-12
CRUS,772406,521,61,121,400,2011-07-20,2026-08-03,2011-07-25,2026-08-05
CSL,790051,672,66,258,414,2010-07-21,2026-07-23,2010-07-27,2026-07-30
CTRE,1590717,677,49,239,438,2014-08-12,2026-08-05,2014-09-15,2026-08-06
CUBE,1298675,709,60,321,388,2011-08-08,2026-04-29,2011-08-09,2026-05-01
CUZ,25232,635,62,243,392,2011-08-01,2026-07-24,2011-08-15,2026-07-30
CVLT,1169561,745,65,325,420,2010-07-28,2026-07-27,2010-08-05,2026-07-29
CW,26324,709,67,287,422,2010-07-31,2026-07-31,2010-08-09,2026-08-06
CXT,25445,739,65,315,424,2010-07-31,2026-07-31,2010-08-05,2026-08-05
CXW,1070985,593,65,325,268,2010-08-02,2026-07-31,2010-08-05,2026-08-06
CYTK,1061983,483,63,212,271,2011-07-29,2026-08-04,2011-08-04,2026-08-06
CZR,1590895,642,50,178,464,2014-09-30,2026-07-23,2014-11-14,2026-07-28
DAN,26780,621,62,203,418,2011-04-15,2026-07-17,2011-04-27,2026-08-06
DAR,916540,597,65,199,398,2010-08-05,2026-08-03,2010-08-12,2026-08-07
DBX,1467623,193,0,2,191,,,2018-05-11,2026-08-07
DCI,29644,599,63,189,410,2010-10-31,2026-05-21,2010-12-08,2026-06-02
DECK,910521,755,65,327,428,2010-07-27,2026-07-09,2010-08-09,2026-07-30
DEI,1364250,737,65,197,540,2010-07-31,2026-07-31,2010-08-05,2026-08-07
DINO,1915657,193,18,65,128,2022-05-06,2026-07-24,2022-05-09,2026-07-30
DKS,1089063,572,0,4,568,,,2010-08-27,2026-09-03
DLB,1308547,586,0,0,586,,,2010-07-29,2026-07-30
DLX,27996,731,69,317,414,2010-07-21,2026-07-31,2010-08-05,2026-08-06
DOC,765880,815,69,353,462,2009-07-30,2026-08-03,2009-08-04,2026-08-05
DOCN,1582961,274,24,114,160,2021-04-29,2026-07-30,2021-05-07,2026-08-04
DOCS,1516513,218,0,84,134,,,2021-08-12,2026-08-06
DOCU,1261333,289,34,108,181,2018-05-31,2026-08-31,2018-06-08,2026-09-04
DT,1773383,293,29,135,158,2019-09-05,2026-08-03,2019-09-05,2026-08-05
DTM,1842022,251,21,113,138,2021-06-30,2026-06-30,2021-08-06,2026-07-30
DUOL,1562088,104,0,10,94,,,2021-08-12,2026-08-06
DY,67215,700,60,302,398,2011-11-18,2026-08-24,2011-11-23,2026-08-27
EBS,1367644,716,62,312,404,2011-06-30,2026-07-30,2011-08-05,2026-08-06
EEFT,1029199,677,65,253,424,2010-07-31,2026-07-30,2010-08-06,2026-08-04
EGP,49600,913,65,329,584,2010-08-02,2026-07-21,2010-08-03,2026-07-22
EHC,785161,555,67,119,436,2010-07-29,2026-07-28,2010-08-05,2026-08-07
ELAN,1739104,378,32,158,220,2018-11-06,2026-08-03,2018-11-08,2026-08-05
ELF,1600033,535,41,261,274,2016-11-01,2026-07-30,2016-11-14,2026-08-06
ELS,895417,958,68,372,586,2010-08-03,2026-04-22,2010-09-03,2026-04-28
EME,105634,715,65,317,398,2010-07-27,2026-07-24,2010-07-29,2026-07-30
ENOV,1420800,678,62,306,372,2011-07-01,2026-07-31,2011-07-29,2026-08-06
ENPH,1463101,612,57,285,327,2012-05-11,2026-04-20,2012-05-14,2026-04-28
ENR,1632790,360,45,70,290,2015-08-07,2026-07-31,2015-08-11,2026-08-04
ENS,1289308,773,66,353,420,2010-08-06,2026-08-07,2010-08-11,2026-08-12
ENSG,1125376,651,61,305,346,2011-07-29,2026-07-23,2011-08-03,2026-07-27
ENTG,1101302,698,61,300,398,2011-07-19,2026-07-31,2011-07-29,2026-08-04
EPC,1096752,658,67,256,402,2010-06-30,2026-07-31,2010-07-30,2026-08-05
EPR,1045450,638,66,208,430,2010-08-03,2026-07-29,2010-08-04,2026-07-30
EQH,1333986,421,35,175,246,2018-06-19,2026-08-04,2018-06-20,2026-08-06
EQT,33213,664,69,208,456,2009-06-30,2026-07-14,2009-07-29,2026-07-22
ERIE,922621,1,0,0,1,,,2021-07-29,2021-07-29
ESAB,1877322,183,18,64,119,2022-04-01,2026-07-30,2022-05-10,2026-08-06
ESNT,1448893,647,50,235,412,2014-05-09,2026-07-31,2014-05-15,2026-08-07
ETSY,1370637,521,46,236,285,2015-04-21,2026-07-31,2015-05-22,2026-08-05
EVR,1360901,410,0,0,410,,,2011-08-05,2026-08-05
EWBC,1069157,706,62,224,482,2011-04-30,2026-07-31,2011-05-09,2026-08-07
EXE,895126,767,72,290,477,2009-08-06,2026-04-24,2009-08-10,2026-04-28
EXEL,939767,622,61,293,329,2011-07-29,2026-07-27,2011-08-04,2026-08-05
EXLS,1297989,834,60,300,534,2011-07-29,2026-04-24,2011-08-05,2026-04-28
EXP,918646,777,67,339,438,2010-08-02,2026-07-25,2010-08-06,2026-07-29
EXPO,851520,727,63,185,542,2011-07-29,2026-07-31,2011-08-05,2026-08-07
FAF,1472787,622,65,198,424,2010-08-02,2026-07-20,2010-08-09,2026-07-23
FBIN,1519751,600,60,212,388,2011-10-31,2026-07-17,2011-11-10,2026-08-05
FCFS,840489,588,61,126,462,2011-07-21,2026-07-22,2011-07-25,2026-07-27
FCN,887936,876,65,296,580,2010-07-28,2026-07-23,2010-08-05,2026-07-30
FDS,1013237,888,63,406,482,2010-11-30,2026-06-25,2011-01-10,2026-07-01
FFIN,36029,640,65,242,398,2010-07-28,2026-08-04,2010-07-29,2026-08-04
FHI,1056288,367,0,0,367,,,2012-02-24,2026-07-31
FHN,36966,682,68,248,434,2010-03-31,2026-07-31,2010-06-04,2026-08-06
FICO,814547,910,66,326,584,2010-07-31,2026-07-17,2010-08-06,2026-07-29
FIVE,1177609,741,57,369,372,2012-09-01,2026-09-02,2012-09-11,2026-09-03
FIX,1035983,682,61,284,398,2011-07-29,2026-07-17,2011-08-02,2026-07-23
FLEX,866374,823,69,345,478,2009-08-04,2026-07-24,2009-08-04,2026-07-31
FLG,910073,769,71,351,418,2009-08-04,2026-07-31,2009-08-10,2026-08-06
FLO,1128928,619,65,195,424,2010-08-18,2026-08-14,2010-08-24,2026-08-20
FLR,1124198,814,75,361,453,2009-04-30,2026-07-31,2009-05-11,2026-08-07
FLS,30625,638,71,216,422,2009-07-24,2026-07-21,2009-07-29,2026-07-29
FN,1408710,834,60,300,534,2011-10-28,2026-08-07,2011-11-09,2026-08-18
FNB,37808,594,65,196,398,2010-07-31,2026-07-31,2010-08-05,2026-08-05
FND,1507079,311,37,65,246,2017-07-26,2026-07-27,2017-05-25,2026-07-30
FNF,1331875,502,55,203,299,2010-06-30,2026-07-31,2010-07-28,2026-08-06
FOUR,1794669,25,3,13,12,2026-02-19,2026-07-31,2020-11-06,2026-08-06
FOXF,1424929,619,54,267,352,2013-09-18,2026-07-31,2013-09-19,2026-08-07
FR,921825,800,61,307,493,2011-08-03,2026-07-23,2011-08-05,2026-07-23
FSLR,1274494,799,69,349,450,2009-07-24,2026-07-24,2009-08-03,2026-07-30
FTI,1681459,452,42,199,253,2017-01-13,2026-07-28,2017-01-13,2026-07-30
FULT,700564,593,65,195,398,2010-07-31,2026-07-31,2010-08-09,2026-08-07
G,1398659,934,65,326,608,2010-08-04,2026-08-04,2010-08-09,2026-08-07
GAP,39911,914,70,456,458,2009-09-03,2026-08-21,2009-09-09,2026-08-28
GATX,40211,770,70,332,438,2010-06-30,2026-06-30,2010-07-28,2026-07-31
GBCI,868671,645,65,227,418,2010-02-15,2026-07-16,2010-08-06,2026-08-04
GDDY,1609711,144,10,60,84,2024-04-26,2026-07-24,2015-08-06,2026-07-31
GEF,43920,0,0,0,0,,,,
GEO,923796,753,65,325,428,2010-08-10,2026-08-03,2010-08-13,2026-08-06
GGG,42888,300,66,98,202,2010-07-16,2026-07-08,2010-07-21,2026-07-22
GHC,104889,538,0,0,538,,,2010-08-11,2026-07-30
GLPI,1575965,594,55,240,354,2013-11-11,2026-07-18,2013-11-25,2026-07-30
GME,1326380,899,73,431,468,2009-08-28,2026-09-03,2009-09-09,2026-09-09
GMED,1237831,584,60,200,384,2012-08-08,2026-08-04,2012-09-19,2026-08-06
GNRC,1474735,565,61,187,378,2011-08-08,2026-07-31,2011-08-12,2026-08-04
GNTX,355811,519,65,129,390,2010-07-23,2026-07-24,2010-08-03,2026-08-04
GNW,1276520,1076,70,356,720,2009-07-28,2026-07-31,2009-07-31,2026-08-06
GO,1771515,326,32,136,190,2019-08-06,2026-08-06,2019-08-13,2026-08-12
GPK,1408075,723,63,313,410,2011-07-22,2026-08-03,2011-07-28,2026-08-04
GT,42582,626,66,198,428,2010-06-30,2026-07-31,2010-07-29,2026-08-06
GTM,1794515,120,20,80,40,2022-02-11,2026-07-31,2022-02-24,2026-08-05
GWRE,1528396,605,62,199,406,2012-02-29,2026-08-31,2012-03-14,2026-09-11
GXO,1852244,237,21,99,138,2021-08-05,2026-08-03,2021-08-09,2026-08-05
H,1468174,424,0,14,410,,,2011-05-20,2026-07-30
HAE,313143,745,65,325,420,2010-07-03,2026-07-31,2010-08-11,2026-08-06
HAIN,910406,695,63,271,424,2010-11-02,2026-05-05,2010-11-09,2026-05-11
HALO,1159036,732,61,298,434,2011-08-01,2026-07-31,2011-08-05,2026-08-06
HCSG,731012,725,65,301,424,2010-07-23,2026-07-22,2010-07-23,2026-07-24
HE,354707,798,68,340,458,2010-07-30,2026-07-31,2010-08-09,2026-08-07
HELE,916789,699,61,305,394,2011-10-04,2026-06-29,2011-10-07,2026-07-08
HGV,1674168,436,38,190,246,2017-04-27,2026-07-23,2017-05-04,2026-07-30
HIMS,1773751,149,0,2,147,,,2019-08-29,2026-08-10
HIW,921082,736,64,320,416,2010-06-30,2026-04-21,2010-07-28,2026-04-28
HL,719413,672,67,225,447,2010-07-26,2026-07-31,2010-07-28,2026-08-04
HLI,1302215,292,0,6,286,,,2015-11-13,2026-07-31
HLNE,1433642,1,0,1,0,,,2018-02-09,2018-02-09
HNI,48287,724,66,190,534,2010-07-03,2026-07-04,2010-08-05,2026-08-04
HOG,793952,517,69,135,382,2009-07-24,2026-07-31,2009-07-31,2026-08-05
HOMB,1331520,699,63,315,384,2011-08-01,2026-08-06,2011-08-09,2026-08-07
HPP,1482512,481,61,183,298,2011-08-01,2026-05-01,2011-08-12,2026-05-08
HQY,1428336,570,49,250,320,2014-08-31,2026-08-20,2014-09-12,2026-08-27
HR,1360604,625,56,203,422,2011-08-10,2026-07-27,2011-08-15,2026-07-30
HRB,12659,682,69,234,448,2009-08-31,2026-07-31,2009-09-04,2026-08-14
HTZ,1657853,535,41,210,325,2016-08-01,2026-04-30,2016-08-08,2026-05-08
HUBB,48898,490,42,100,390,2016-02-16,2026-04-27,2011-07-22,2026-05-01
HWC,750577,723,65,305,418,2010-07-30,2026-07-31,2010-08-05,2026-08-07
HXL,717605,696,65,272,424,2010-07-21,2026-07-27,2010-07-26,2026-07-29
IART,917520,638,66,200,438,2010-07-26,2026-07-28,2010-07-29,2026-07-29
IBKR,1381197,447,4,13,434,2010-08-09,2011-05-06,2010-09-07,2026-08-06
IBOC,315709,619,65,195,424,2010-08-02,2026-08-03,2010-08-05,2026-08-06
ICUI,883984,826,72,355,471,2009-04-10,2026-07-31,2009-04-23,2026-08-06
IDA,1057877,631,63,219,412,2010-07-31,2026-02-13,2010-08-05,2026-02-19
IDCC,1405495,767,66,337,430,2010-07-26,2026-07-28,2010-07-30,2026-07-30
IESC,1048268,740,64,326,414,2011-08-15,2026-07-27,2011-08-15,2026-07-31
ILMN,1110803,551,65,127,424,2010-07-15,2026-07-24,2010-08-04,2026-07-31
INGR,1046257,650,65,225,425,2010-08-02,2026-08-05,2010-08-06,2026-08-07
IPGP,1111928,705,63,307,398,2011-08-03,2026-08-03,2011-08-08,2026-08-04
IRDM,1418819,664,63,271,393,2011-08-03,2026-07-15,2011-08-08,2026-07-22
IRT,1466085,703,61,305,398,2011-08-05,2026-07-29,2011-08-08,2026-08-04
ITT,216228,793,69,343,450,2009-01-29,2026-08-04,2009-08-03,2026-08-06
JACK,807882,641,66,209,432,2010-08-02,2026-08-05,2010-08-05,2026-08-12
JAZZ,1232524,526,68,128,398,2011-07-25,2026-07-27,2011-08-03,2026-08-03
JBGS,1689796,402,35,172,230,2017-08-10,2025-10-24,2017-08-14,2026-08-10
JBL,898293,721,63,311,410,2011-01-03,2026-06-24,2011-01-07,2026-06-30
JBLU,1158463,741,68,339,402,2010-06-30,2026-06-30,2010-07-27,2026-07-28
JEF,96223,885,70,239,646,2009-08-03,2026-03-30,2009-08-07,2026-07-09
JLL,1037976,781,65,360,421,2010-08-02,2026-06-30,2010-08-06,2026-07-30
KBH,795266,473,64,118,355,2010-08-31,2026-05-31,2010-10-08,2026-07-09
KBR,1357615,885,74,393,492,2009-04-23,2026-07-22,2009-07-30,2026-07-30
KD,1867072,204,23,66,138,2021-11-11,2026-07-29,2021-11-22,2026-08-05
KEX,56047,600,66,198,402,2010-07-30,2026-08-04,2010-08-09,2026-08-05
KMPR,860748,703,65,305,398,2010-07-30,2026-08-03,2010-08-02,2026-08-05
KMT,55242,608,64,192,416,2010-10-31,2026-07-31,2010-11-05,2026-08-12
KNF,1955520,170,14,80,90,2023-05-11,2026-07-30,2023-05-16,2026-08-04
KNSL,1669162,501,41,271,230,2016-09-02,2026-07-17,2016-09-07,2026-07-23
KNX,1492691,503,32,113,390,2018-07-31,2026-04-22,2011-08-09,2026-04-29
KRC,1025996,714,65,290,424,2010-08-04,2026-04-23,2010-08-04,2026-04-28
KRG,1286043,788,61,313,475,2011-08-02,2026-07-24,2011-08-05,2026-07-30
KRYS,1711279,356,35,178,178,2017-10-31,2026-07-28,2017-11-13,2026-08-03
KSS,885639,741,71,101,640,2009-08-28,2026-08-28,2009-09-04,2026-09-03
KTOS,1069258,754,66,370,384,2011-07-29,2026-07-31,2011-08-04,2026-08-04
LAD,1023128,509,21,97,412,2021-07-28,2026-07-29,2011-07-29,2026-07-29
LAMR,1090425,442,0,0,442,,,2010-08-06,2026-08-06
LEA,842162,584,62,186,398,2011-04-22,2026-07-28,2011-04-29,2026-07-31
LECO,59527,573,65,149,424,2010-06-30,2026-06-30,2010-08-05,2026-07-30
LFUS,889331,622,62,220,402,2011-07-29,2026-05-01,2011-08-09,2026-05-06
LGND,886163,1116,71,335,781,2011-08-01,2026-08-04,2011-08-08,2026-08-07
LII,1069202,598,64,190,408,2010-07-22,2026-04-22,2010-07-27,2026-04-29
LITE,1633978,651,47,227,424,2015-08-22,2026-08-14,2015-09-25,2026-08-17
LIVN,1639691,545,47,235,310,2015-11-04,2026-07-29,2015-11-06,2026-08-05
LNTH,1521036,510,45,223,287,2015-08-04,2026-08-03,2015-08-05,2026-08-06
LOPE,1434588,890,64,316,574,2011-05-04,2026-07-28,2011-05-09,2026-07-30
LPX,60519,574,63,182,392,2011-05-01,2026-07-31,2011-05-12,2026-08-05
LSCC,855658,684,61,303,381,2011-08-04,2026-07-30,2011-08-05,2026-08-04
LSTR,853816,576,64,192,384,2010-07-19,2026-04-20,2010-07-30,2026-04-29
M,794367,625,71,201,424,2009-08-28,2026-08-29,2009-09-08,2026-09-10
MAC,912242,770,65,328,442,2010-08-06,2026-08-03,2010-08-09,2026-08-05
MAN,871763,619,65,195,424,2010-06-30,2026-08-05,2010-08-05,2026-08-07
MANH,1056696,863,61,305,558,2011-07-26,2026-07-28,2011-07-29,2026-07-31
MAT,63276,898,71,264,634,2009-07-27,2026-07-24,2009-07-29,2026-08-06
MCY,64996,752,66,326,426,2010-06-30,2026-07-30,2010-08-04,2026-08-04
MD,893949,912,66,326,586,2010-07-30,2026-07-31,2010-08-31,2026-08-04
MDU,67716,869,69,259,610,2009-07-31,2026-07-30,2009-08-07,2026-08-06
MEDP,1668397,460,40,200,260,2016-10-31,2026-07-17,2016-11-03,2026-07-23
MIDD,769520,649,65,209,440,2010-08-06,2026-08-10,2010-08-12,2026-08-13
MKSI,1049502,749,65,325,424,2010-07-30,2026-07-28,2010-08-05,2026-08-06
MLI,89439,749,65,325,424,2009-07-22,2026-07-17,2010-07-23,2026-07-22
MLKN,66382,591,65,195,396,2010-10-01,2026-07-16,2010-10-06,2026-07-20
MMS,1032220,723,63,313,410,2011-01-31,2026-08-03,2011-02-08,2026-08-06
MOG-A,67887,424,0,0,424,,,2010-08-10,2026-07-31
MOH,1179929,596,61,184,412,2011-07-21,2026-07-17,2011-07-27,2026-07-23
MORN,1289419,804,66,198,606,2010-07-31,2026-07-24,2010-08-05,2026-07-29
MP,1801368,266,23,121,145,2021-03-15,2026-07-31,2020-06-09,2026-08-07
MPWR,1280452,783,61,311,472,2011-07-22,2026-07-29,2011-08-09,2026-08-05
MRCY,1049521,695,60,300,395,2011-10-31,2026-07-31,2011-11-04,2026-08-18
MSA,66570,641,65,243,398,2010-07-23,2026-07-24,2010-07-28,2026-07-31
MSM,1003078,434,12,24,410,2023-10-06,2026-06-17,2011-01-06,2026-07-01
MTDR,1520006,650,58,270,380,2012-05-15,2026-08-05,2012-05-15,2026-08-07
MTG,876437,739,65,325,414,2010-07-31,2026-07-24,2010-08-09,2026-07-29
MTN,812011,627,63,237,390,2010-12-01,2026-06-03,2010-12-07,2026-06-08
MTSI,1493594,496,58,118,378,2012-05-01,2026-08-03,2012-05-10,2026-08-06
MTX,891014,543,65,125,418,2010-07-19,2026-07-22,2010-07-30,2026-07-31
MTZ,15615,614,61,206,408,2011-08-01,2026-07-27,2011-08-03,2026-07-30
MUR,717423,811,69,361,450,2009-06-30,2026-07-31,2009-08-07,2026-08-05
MUSA,1573516,508,52,164,344,2013-09-30,2026-06-30,2013-11-08,2026-08-06
MZTI,57515,608,64,192,416,2010-10-29,2026-08-03,2010-11-09,2026-08-25
NAVI,1593538,492,52,156,336,2014-04-30,2026-06-30,2014-05-09,2026-08-07
NBIX,914475,768,61,305,463,2011-07-22,2026-07-22,2011-07-29,2026-07-31
NDSN,72331,552,66,128,424,2010-07-31,2026-08-18,2010-09-08,2026-08-20
NEOG,711377,698,60,306,392,2011-09-01,2026-06-30,2011-09-30,2026-07-30
NEU,1282637,647,65,319,328,2010-07-31,2026-06-30,2010-08-04,2026-07-30
NFG,70145,758,66,330,428,2010-07-31,2026-07-29,2010-08-06,2026-07-30
NGVT,1653477,553,42,202,351,2016-05-16,2026-07-24,2016-05-17,2026-07-30
NJR,356309,622,66,192,430,2010-08-03,2026-07-31,2010-08-04,2026-08-04
NKTR,906709,564,62,285,279,2011-04-25,2026-08-07,2011-04-29,2026-08-14
NLY,1043219,842,70,350,492,2009-08-05,2026-07-24,2009-08-06,2026-07-29
NNN,751364,829,64,313,516,2010-07-29,2026-07-30,2010-08-05,2026-08-05
NOV,1021860,800,68,348,452,2009-08-03,2026-04-24,2009-08-10,2026-04-28
NOVT,1076930,703,61,305,398,2011-07-29,2026-07-29,2011-08-11,2026-08-05
NSP,1000753,408,65,104,304,2010-07-26,2026-07-22,2010-08-02,2026-07-30
NTCT,1078075,699,61,305,394,2010-08-02,2026-07-28,2011-08-05,2026-08-06
NTNX,1618732,282,19,103,179,2022-02-28,2026-05-27,2016-12-08,2026-05-29
NUS,1021561,615,55,187,428,2010-06-30,2026-07-31,2010-08-10,2026-08-10
NVST,1757073,330,28,140,190,2019-10-18,2026-07-31,2019-10-24,2026-08-05
NVT,1720635,317,34,97,220,2018-04-30,2026-06-30,2018-05-08,2026-07-31
NWE,1993004,126,12,42,84,2023-10-20,2026-07-24,2023-10-27,2026-07-30
NXST,1142417,608,48,88,520,2014-11-03,2026-08-07,2012-05-09,2026-08-07
NXT,1852131,90,5,12,78,2023-03-01,2024-01-31,2023-03-09,2026-08-03
NYT,71691,596,0,0,596,,,2010-08-05,2026-08-05
OC,1370946,741,65,318,423,2010-07-15,2026-07-31,2010-08-04,2026-08-05
OGE,1021635,530,72,108,422,2010-06-30,2026-03-31,2010-08-05,2026-04-29
OGS,1587732,612,53,274,338,2014-02-21,2026-07-24,2014-02-25,2026-08-05
OHI,888491,810,67,370,440,2010-06-30,2026-07-27,2010-08-06,2026-07-30
OI,812074,723,70,273,450,2009-06-30,2026-06-30,2009-08-07,2026-07-29
OKTA,1660134,194,0,0,194,,,2017-06-08,2026-08-27
OLED,1005284,706,62,302,404,2011-06-30,2026-07-27,2011-08-09,2026-07-30
OLLI,1639300,464,46,170,294,2015-09-08,2026-08-26,2015-09-11,2026-09-02
OLN,74303,879,65,437,442,2010-06-30,2026-06-30,2010-07-26,2026-07-31
OMCL,926326,661,61,261,400,2011-08-01,2026-07-29,2011-08-05,2026-08-05
ONB,707179,963,65,381,582,2010-06-30,2026-04-28,2010-07-30,2026-04-29
ONTO,704532,653,61,233,420,2011-08-03,2026-07-31,2011-08-10,2026-08-06
OPCH,1014739,696,68,340,356,2009-09-30,2026-04-28,2009-11-02,2026-04-30
ORA,1296445,981,70,355,626,2010-08-05,2026-08-01,2010-08-06,2026-08-06
ORI,74260,860,66,196,664,2010-06-30,2026-06-30,2010-09-03,2026-07-31
OSK,775158,627,64,237,390,2010-07-29,2026-05-01,2010-08-02,2026-05-08
OVV,1792580,356,27,169,187,2020-02-19,2026-07-17,2020-02-21,2026-07-23
P,1474432,306,30,94,212,2019-05-31,2026-08-31,2015-12-11,2026-09-04
PAG,1019849,753,65,317,436,2010-07-26,2026-07-16,2010-07-30,2026-07-30
PATH,1734722,140,0,0,140,,,2021-06-09,2026-09-08
PB,1068851,723,65,325,398,2010-08-01,2026-07-31,2010-08-09,2026-08-06
PBF,1534504,341,0,2,339,,,2013-05-09,2026-07-30
PBH,1295947,705,61,183,522,2011-07-27,2026-07-31,2011-08-05,2026-08-06
PCTY,1591698,694,50,250,444,2014-05-05,2026-07-29,2014-05-14,2026-08-05
PEB,1474098,687,61,305,382,2011-07-29,2026-07-24,2011-08-02,2026-07-29
PEGA,1013857,704,61,303,401,2011-07-28,2026-07-13,2011-08-09,2026-07-21
PEN,1321732,520,44,92,428,2015-10-31,2026-07-14,2015-11-12,2026-07-30
PENN,921738,620,68,223,397,2010-07-31,2026-07-29,2010-08-09,2026-08-06
PFGC,1618673,508,44,220,288,2015-10-27,2026-08-05,2015-11-04,2026-08-12
PGNY,1551306,425,28,140,285,2019-11-29,2026-07-31,2019-12-06,2026-08-07
PII,931015,736,64,320,416,2010-07-30,2026-04-21,2010-08-05,2026-04-28
PINS,1506293,182,0,16,166,,,2019-05-17,2026-08-04
PK,1617406,428,38,182,246,2017-04-28,2026-07-31,2017-05-04,2026-08-07
PLNT,1637207,4,0,4,0,,,2015-09-02,2015-09-02
PNFP,2082866,43,3,19,24,2025-12-31,2026-07-31,2026-03-02,2026-08-04
POOL,945841,761,64,345,416,2010-07-23,2026-04-23,2010-08-02,2026-04-28
POR,784977,722,65,324,398,2010-07-30,2026-07-24,2010-08-05,2026-07-31
POST,1530950,545,62,100,445,2012-03-06,2026-08-03,2012-03-08,2026-08-06
POWI,833640,805,65,221,584,2010-07-28,2026-08-03,2010-08-06,2026-08-06
PPC,802481,530,64,122,408,2011-07-29,2026-06-28,2011-07-29,2026-07-30
PR,1658566,282,20,47,235,2020-04-30,2026-07-31,2016-05-04,2026-08-06
PRG,1808834,229,25,73,156,2020-10-22,2026-07-24,2020-10-29,2026-07-30
PRGO,1585364,727,54,221,506,2014-01-31,2026-07-31,2013-11-04,2026-08-05
PRI,1475922,812,62,412,400,2011-08-05,2026-07-31,2011-08-09,2026-08-06
PSN,275880,328,29,141,187,2019-06-06,2026-04-21,2019-06-18,2026-04-29
PTC,857005,757,73,333,424,2010-04-03,2026-07-29,2010-08-12,2026-07-31
PVH,78239,642,65,244,398,2010-08-31,2026-08-26,2010-10-06,2026-09-02
PZZA,901491,722,75,266,456,2009-04-29,2026-07-31,2009-05-05,2026-08-06
QDEL,1906324,208,18,90,118,2022-07-27,2026-07-29,2022-08-05,2026-08-07
QLYS,1107843,648,56,276,372,2012-10-31,2026-07-22,2012-11-09,2026-08-04
R,85961,602,66,198,404,2010-06-30,2026-06-30,2010-07-23,2026-07-23
RAMP,733269,500,66,98,402,2010-08-03,2026-07-31,2010-08-05,2026-08-05
RBA,1046102,488,43,209,279,2016-02-24,2026-07-28,2016-02-25,2026-08-04
RBC,1324948,716,66,284,432,2010-07-30,2026-07-24,2010-08-09,2026-07-31
REXR,1571283,472,53,159,313,2013-08-30,2026-07-23,2013-10-03,2026-07-28
RGA,898174,725,67,315,410,2010-07-30,2026-07-28,2010-08-04,2026-08-07
RGEN,730272,895,67,361,534,2011-08-02,2026-07-24,2011-08-05,2026-07-29
RGLD,85535,621,61,199,422,2010-10-29,2026-07-29,2010-11-05,2026-08-06
RH,1528849,811,59,308,503,2012-12-14,2026-09-04,2012-12-17,2026-09-10
RIG,1451505,968,71,355,613,2009-07-29,2026-07-28,2009-08-14,2026-08-07
RLI,84246,745,65,315,430,2010-07-15,2026-07-15,2010-07-28,2026-07-24
RMBS,917273,937,65,333,604,2010-06-30,2026-03-31,2010-07-30,2026-04-28
RNR,913144,863,65,305,558,2010-07-26,2026-07-20,2010-07-28,2026-07-23
ROIV,1635088,221,21,105,116,2021-09-20,2026-07-31,2021-09-21,2026-08-06
ROKU,1428439,242,0,38,204,,,2017-11-09,2026-08-06
RPM,110621,758,67,335,423,2010-08-31,2026-07-21,2010-10-06,2026-07-22
RRC,315852,876,70,404,472,2009-07-20,2026-07-17,2009-07-23,2026-07-21
RRX,82811,832,65,286,546,2010-07-30,2026-07-31,2010-09-03,2026-08-05
RS,861884,742,64,330,412,2010-07-30,2026-04-24,2010-08-06,2026-04-29
RUN,1469367,519,46,230,289,2015-09-11,2026-07-31,2015-09-15,2026-08-05
RXO,1929561,178,16,74,104,2022-11-28,2026-08-04,2022-11-30,2026-08-06
RYAN,1849253,1,1,1,0,2021-09-01,2021-09-01,2021-09-02,2021-09-02
RYN,52827,753,67,339,414,2010-07-22,2026-05-01,2010-07-30,2026-05-08
SABR,1597033,588,50,258,330,2014-05-12,2026-07-30,2014-05-15,2026-08-06
SAIA,1177702,703,61,305,398,2011-07-29,2026-07-28,2011-08-03,2026-07-30
SAIC,1571123,603,53,257,346,2013-09-30,2026-08-21,2013-10-15,2026-08-31
SAIL,2030781,60,6,22,38,2025-06-06,2026-09-04,2025-06-12,2026-09-10
SAM,949870,326,0,0,326,,,2011-08-02,2026-07-23
SANM,897723,550,66,130,420,2011-01-31,2026-07-20,2011-02-08,2026-07-27
SARO,2025410,92,8,40,52,2024-11-13,2026-07-31,2024-11-13,2026-08-07
SBH,1368458,753,65,329,424,2010-07-30,2026-07-30,2010-08-04,2026-08-03
SBRA,1492298,708,64,314,394,2011-08-01,2026-07-27,2011-08-03,2026-08-03
SCI,89089,760,66,330,430,2010-07-26,2026-06-30,2010-07-30,2026-07-30
SEDG,1419612,566,48,246,320,2015-05-07,2026-08-03,2015-06-01,2026-08-05
SEIC,350894,494,65,321,173,2010-07-28,2026-07-10,2010-08-05,2026-07-27
SF,720672,733,38,168,565,2010-06-30,2019-08-01,2010-08-09,2026-08-05
SFM,1575515,612,54,266,346,2013-08-22,2026-07-27,2013-08-23,2026-07-29
SGI,1206264,530,66,100,430,2010-07-27,2026-08-04,2010-07-28,2026-08-07
SHC,1822479,223,22,81,142,2021-05-06,2026-07-30,2021-05-13,2026-08-06
SIGI,230557,468,66,284,184,2010-06-30,2026-07-17,2010-07-29,2026-07-24
SIRI,908937,749,65,325,424,2010-07-30,2026-07-28,2010-08-06,2026-07-30
SITM,1451809,324,30,150,174,2020-02-28,2026-08-01,2020-03-02,2026-08-06
SLAB,1038074,749,65,325,424,2010-07-21,2026-08-04,2010-07-29,2026-08-11
SLG,1040971,746,65,324,422,2010-07-31,2026-04-29,2010-08-09,2026-05-01
SLGN,849869,547,65,129,418,2010-07-30,2026-07-31,2010-08-09,2026-08-06
SLM,1032033,690,70,226,464,2009-06-30,2026-06-30,2009-08-05,2026-07-23
SMCI,1375365,626,60,236,390,2011-10-27,2026-07-31,2011-11-07,2026-08-31
SMG,825542,922,65,344,578,2010-08-06,2026-07-31,2010-08-12,2026-08-05
SMTC,88941,894,64,334,560,2010-09-01,2026-05-22,2010-09-10,2026-05-27
SN,1957132,55,5,25,30,2023-12-31,2026-07-30,2024-03-01,2026-08-05
SNX,1177394,590,61,186,404,2011-10-01,2026-06-24,2011-10-07,2026-07-02
SOLS,2064953,41,4,23,18,2025-11-07,2026-07-23,2025-11-13,2026-07-30
SON,91767,804,68,340,464,2010-07-23,2026-04-17,2010-07-29,2026-04-28
SPWR,1838987,273,16,116,157,2023-11-09,2026-08-21,2021-05-24,2026-08-21
SPXC,88205,849,71,387,462,2009-07-27,2026-07-24,2009-08-12,2026-07-31
SR,1126956,793,64,359,434,2010-04-29,2026-04-29,2010-04-30,2026-05-06
SRPT,873303,846,61,305,541,2011-07-27,2026-07-31,2011-08-08,2026-08-05
SSB,764038,754,61,356,398,2011-07-31,2026-07-30,2011-08-09,2026-07-31
SSD,920371,535,65,129,406,2010-06-30,2026-08-04,2010-08-06,2026-08-06
ST,1477294,571,61,189,382,2011-07-15,2026-07-16,2011-07-22,2026-07-29
STAA,718937,688,60,304,384,2011-07-29,2026-08-07,2011-08-04,2026-08-12
STAG,1479094,595,55,284,311,2011-08-12,2026-04-27,2011-08-15,2026-04-28
STLD,1022671,787,69,341,446,2009-08-03,2026-07-23,2009-08-07,2026-07-28
STRA,1013934,759,65,329,430,2010-07-23,2026-07-17,2010-07-30,2026-07-29
STRL,874238,676,63,248,428,2011-08-01,2026-07-31,2011-08-08,2026-08-04
STWD,1465128,550,62,310,240,2011-05-06,2026-07-31,2011-05-10,2026-08-06
SUI,912593,674,60,266,408,2011-06-30,2026-04-21,2011-07-28,2026-04-28
SVC,945394,774,69,345,429,2010-08-08,2026-08-03,2010-08-09,2026-08-05
SWX,1692115,526,38,188,338,2017-04-28,2026-07-31,2017-05-09,2026-08-05
SXT,310142,530,66,100,430,2010-07-31,2026-07-22,2010-08-06,2026-08-04
SYNA,817720,750,66,326,424,2010-10-29,2026-08-04,2010-11-02,2026-08-10
TCBI,1077428,678,62,184,494,2011-06-30,2026-07-21,2011-07-21,2026-07-23
TDC,816761,646,66,216,430,2010-07-30,2026-07-24,2010-08-05,2026-08-05
TDS,1051512,717,1,273,444,2010-06-30,2010-06-30,2010-08-05,2026-08-07
TECH,842023,854,66,330,524,2010-11-03,2026-08-17,2010-11-09,2026-08-24
TER,97210,749,65,325,424,2010-08-09,2026-07-27,2010-08-12,2026-07-31
TEX,97216,691,71,217,474,2009-07-28,2026-07-28,2009-07-30,2026-07-30
THC,70318,633,65,199,434,2010-07-28,2026-07-24,2010-08-03,2026-07-29
THG,944695,630,66,198,432,2010-08-02,2026-07-27,2010-08-06,2026-07-29
THO,730263,593,63,189,404,2010-10-31,2026-05-29,2010-11-30,2026-06-03
TKO,1973266,79,0,0,79,,,2023-11-07,2026-08-03
TKR,98362,592,65,195,397,2010-06-30,2026-07-31,2010-08-05,2026-08-04
TLN,1622536,181,15,71,110,2015-07-31,2026-08-05,2015-08-12,2026-08-05
TNDM,1438133,515,50,250,265,2014-04-30,2026-08-03,2014-05-06,2026-08-06
TNL,1361658,711,65,197,514,2010-06-30,2026-06-30,2010-07-30,2026-07-22
TOL,794170,907,67,217,690,2010-09-01,2026-08-26,2010-09-08,2026-08-28
TOST,1650164,138,0,8,130,,,2021-11-09,2026-08-05
TPL,1811074,208,23,65,143,2021-01-31,2026-07-31,2021-02-25,2026-08-05
TR,98677,212,0,0,212,,,2010-08-12,2026-08-07
TREE,1434621,739,61,307,432,2011-08-11,2026-07-27,2011-08-15,2026-07-31
TREX,1069878,816,61,304,512,2011-07-20,2026-07-16,2011-08-01,2026-08-04
TRGP,1389170,714,62,310,404,2011-02-17,2026-07-31,2011-08-19,2026-08-06
TRIP,1526520,603,7,221,382,2011-12-08,2026-06-30,2011-12-06,2026-08-06
TRMB,864749,755,67,331,424,2010-08-05,2026-08-07,2010-08-10,2026-08-12
TRMK,36146,723,65,325,398,2010-07-30,2026-07-31,2010-08-10,2026-08-05
TRN,99780,552,66,102,450,2010-07-23,2026-07-23,2010-07-29,2026-07-30
TRU,1552033,565,54,261,304,2013-04-30,2026-03-31,2013-05-07,2026-04-28
TTC,737758,847,65,423,424,2010-08-27,2026-08-27,2010-09-02,2026-09-03
TTEK,831641,988,66,324,664,2010-07-26,2026-07-20,2010-07-30,2026-07-31
TTMI,1116942,687,61,305,382,2011-08-03,2026-07-31,2011-08-08,2026-08-05
TWLO,1447669,255,11,48,207,2023-11-01,2026-07-24,2016-08-09,2026-08-07
TXNM,1108426,709,64,319,390,2010-07-29,2026-04-24,2010-08-27,2026-05-01
TXRH,1289460,712,62,310,402,2011-04-29,2026-07-29,2011-05-06,2026-08-07
UA,1336917,380,0,0,380,,,2010-08-05,2026-08-07
UAA,1336917,380,0,0,380,,,2010-08-05,2026-08-07
UBSI,729986,885,65,199,686,2010-07-31,2026-07-31,2010-08-05,2026-08-07
UE,1611547,468,45,176,292,2015-04-30,2026-04-24,2015-05-14,2026-04-29
UFPI,912767,807,62,401,406,2011-06-25,2026-06-27,2011-08-01,2026-08-05
UGI,884614,775,66,265,510,2010-07-30,2026-07-31,2010-08-06,2026-08-06
ULS,1901440,78,0,14,64,,,2024-05-20,2026-08-04
UMBF,101382,737,66,362,375,2010-04-30,2026-07-27,2010-05-05,2026-07-30
UNM,5513,631,69,207,424,2009-08-03,2026-07-27,2009-08-05,2026-07-29
URBN,912615,847,65,423,424,2010-09-03,2026-09-03,2010-09-08,2026-09-09
USFD,1665918,473,41,205,268,2016-07-22,2026-07-31,2016-08-09,2026-08-06
UTHR,1082554,749,65,325,424,2010-07-23,2026-07-29,2010-07-28,2026-08-05
VAC,1524358,706,60,312,394,2011-12-02,2026-07-30,2011-12-07,2026-08-06
VAL,314808,585,70,142,443,2009-07-22,2026-07-30,2009-07-23,2026-08-06
VC,1111335,676,66,300,376,2011-07-29,2026-07-16,2011-08-04,2026-07-23
VFC,103379,702,68,262,440,2009-08-01,2026-04-25,2009-08-11,2026-05-20
VIAV,912093,1005,67,339,666,2010-10-30,2026-07-28,2010-11-12,2026-08-13
VICR,751978,418,15,28,390,2011-06-30,2015-04-24,2011-07-28,2026-04-30
VLY,714310,770,66,197,573,2010-08-03,2026-08-05,2010-08-06,2026-08-06
VMI,102729,611,65,193,418,2010-07-20,2026-07-24,2010-08-03,2026-07-28
VNO,899689,790,70,350,440,2009-06-30,2026-06-30,2009-08-21,2026-08-03
VNOM,2074176,26,0,0,26,,,2025-11-05,2026-08-05
VNT,1786842,272,24,120,152,2020-10-23,2026-08-03,2020-10-30,2026-08-06
VOYA,1535929,671,54,329,342,2013-05-31,2026-07-31,2013-06-20,2026-08-06
VSAT,797721,511,65,91,420,2010-07-30,2026-07-23,2010-08-11,2026-08-06
VSH,103730,434,7,10,424,2010-11-09,2012-07-27,2010-08-10,2026-08-05
VST,1692819,393,39,179,214,2017-05-16,2026-08-03,2017-05-18,2026-08-10
VSTS,1967649,124,11,52,72,2024-01-26,2026-08-04,2024-02-09,2026-08-11
VVV,1674910,455,39,195,260,2017-01-31,2026-07-30,2017-02-13,2026-08-05
VYX,70866,790,68,342,448,2010-07-16,2026-07-29,2010-08-02,2026-08-05
WAFD,936528,766,66,334,432,2010-08-02,2026-07-31,2010-08-06,2026-08-04
WAL,1212545,651,61,249,402,2011-07-31,2026-07-28,2011-08-05,2026-07-31
WCC,929008,492,66,90,402,2010-07-29,2026-07-29,2010-08-04,2026-07-30
WEN,30697,669,65,287,382,2010-08-06,2026-07-31,2010-08-12,2026-08-07
WERN,793074,749,65,325,424,2010-07-30,2026-07-31,2010-08-05,2026-08-07
WEX,1309108,749,65,325,424,2010-07-20,2026-07-17,2010-07-27,2026-07-23
WFRD,1603923,520,50,248,272,2014-07-14,2026-07-16,2014-07-25,2026-07-22
WH,1722684,373,34,133,240,2018-06-01,2026-07-15,2018-06-11,2026-07-23
WHR,106640,759,65,329,430,2010-07-15,2026-07-31,2010-07-20,2026-08-04
WING,1636222,599,45,225,374,2015-08-03,2026-07-28,2015-08-07,2026-07-29
WLK,1262823,533,61,135,398,2011-07-28,2026-07-29,2011-08-03,2026-08-05
WLY,107140,424,4,4,420,2010-08-31,2011-05-31,2010-09-17,2026-09-04
WMG,1319161,179,35,167,12,2011-08-03,2020-01-31,2011-08-04,2020-05-07
WMS,1604028,644,56,280,364,2014-08-31,2026-07-30,2014-09-05,2026-08-06
WOLF,895419,750,64,339,411,2010-10-14,2026-08-13,2010-10-21,2026-08-20
WOR,108516,651,65,173,478,2010-09-30,2026-07-23,2010-10-12,2026-07-30
WPC,1025378,739,68,289,450,2010-07-31,2026-07-24,2010-08-06,2026-07-29
WSM,719955,847,65,423,424,2010-08-29,2026-08-23,2010-09-10,2026-08-28
WSO,105016,294,0,2,292,,,2011-08-09,2026-08-07
WTFC,1015328,688,65,264,424,2010-08-03,2026-07-31,2010-08-09,2026-08-05
WTRG,78128,663,66,233,430,2010-07-23,2026-07-27,2010-08-09,2026-08-05
WTS,795403,424,0,0,424,,,2010-08-13,2026-08-06
WU,1365135,963,69,349,614,2009-03-31,2026-07-22,2009-05-04,2026-07-30
WW,105319,657,68,207,450,2010-07-31,2026-07-30,2010-08-12,2026-08-05
WWD,108312,619,65,195,424,2010-07-26,2026-07-28,2010-07-29,2026-07-30
XPO,1166003,704,61,306,398,2011-08-15,2026-07-24,2011-08-15,2026-07-30
XRAY,818479,816,73,339,477,2009-07-29,2026-07-24,2009-07-30,2026-08-06
XRX,1770450,260,28,140,120,2019-10-31,2026-07-31,2019-11-06,2026-08-06
YELP,1345016,665,41,273,392,2016-10-28,2026-07-31,2012-05-04,2026-08-07
YETI,1670592,350,32,142,208,2018-12-06,2026-08-06,2018-12-06,2026-08-13
ZD,1084048,925,65,325,600,2010-07-31,2026-08-04,2010-08-05,2026-08-07
ZION,109380,762,66,338,424,2010-07-31,2026-07-31,2010-08-09,2026-08-06
